EventName,Date,ImageURL,Description
Summer Festival,12/10/2024,"https://instagram.fbeg9-1.fna.fbcdn.net/v/t39.30808-6/466075571_122128455500445786_3556783283813460630_n.jpg?stp=dst-jpg_e35&efg=eyJ2ZW5jb2RlX3RhZyI6ImltYWdlX3VybGdlbi4xMDgweDEwODAuc2RyLmYzMDgwOC5kZWZhdWx0X2ltYWdlIn0&_nc_ht=instagram.fbeg9-1.fna.fbcdn.net&_nc_cat=106&_nc_ohc=B49XqH7SCXoQ7kNvgFjr0DN&_nc_gid=bddac8902b6f4f76a3b0a942b759f4b1&edm=AP4sbd4AAAAA&ccb=7-5&ig_cache_key=MzQ5ODQzNTY0NDk5ODMyNzgzMw%3D%3D.3-ccb7-5&oh=00_AYAeJkqUbKUOtbLuvSB4oVr19rkq0e2kXfcoRMph45ioDA&oe=67440603&_nc_sid=7a9f4b",A fun-filled summer music festival.
Winter Wonderland,12/25/2024,"https://instagram.fbeg9-1.fna.fbcdn.net/v/t39.30808-6/466075571_122128455500445786_3556783283813460630_n.jpg?stp=dst-jpg_e35&efg=eyJ2ZW5jb2RlX3RhZyI6ImltYWdlX3VybGdlbi4xMDgweDEwODAuc2RyLmYzMDgwOC5kZWZhdWx0X2ltYWdlIn0&_nc_ht=instagram.fbeg9-1.fna.fbcdn.net&_nc_cat=106&_nc_ohc=B49XqH7SCXoQ7kNvgFjr0DN&_nc_gid=bddac8902b6f4f76a3b0a942b759f4b1&edm=AP4sbd4AAAAA&ccb=7-5&ig_cache_key=MzQ5ODQzNTY0NDk5ODMyNzgzMw%3D%3D.3-ccb7-5&oh=00_AYAeJkqUbKUOtbLuvSB4oVr19rkq0e2kXfcoRMph45ioDA&oe=67440603&_nc_sid=7a9f4b",Celebrate the holiday season.
Spring Blossom,3/15/2025,"https://instagram.fbeg9-1.fna.fbcdn.net/v/t39.30808-6/466075571_122128455500445786_3556783283813460630_n.jpg?stp=dst-jpg_e35&efg=eyJ2ZW5jb2RlX3RhZyI6ImltYWdlX3VybGdlbi4xMDgweDEwODAuc2RyLmYzMDgwOC5kZWZhdWx0X2ltYWdlIn0&_nc_ht=instagram.fbeg9-1.fna.fbcdn.net&_nc_cat=106&_nc_ohc=B49XqH7SCXoQ7kNvgFjr0DN&_nc_gid=bddac8902b6f4f76a3b0a942b759f4b1&edm=AP4sbd4AAAAA&ccb=7-5&ig_cache_key=MzQ5ODQzNTY0NDk5ODMyNzgzMw%3D%3D.3-ccb7-5&oh=00_AYAeJkqUbKUOtbLuvSB4oVr19rkq0e2kXfcoRMph45ioDA&oe=67440603&_nc_sid=7a9f4b",Experience the beauty of spring flowers.
Tech Conference,11/20/2024,"https://instagram.fbeg9-1.fna.fbcdn.net/v/t39.30808-6/466075571_122128455500445786_3556783283813460630_n.jpg?stp=dst-jpg_e35&efg=eyJ2ZW5jb2RlX3RhZyI6ImltYWdlX3VybGdlbi4xMDgweDEwODAuc2RyLmYzMDgwOC5kZWZhdWx0X2ltYWdlIn0&_nc_ht=instagram.fbeg9-1.fna.fbcdn.net&_nc_cat=106&_nc_ohc=B49XqH7SCXoQ7kNvgFjr0DN&_nc_gid=bddac8902b6f4f76a3b0a942b759f4b1&edm=AP4sbd4AAAAA&ccb=7-5&ig_cache_key=MzQ5ODQzNTY0NDk5ODMyNzgzMw%3D%3D.3-ccb7-5&oh=00_AYAeJkqUbKUOtbLuvSB4oVr19rkq0e2kXfcoRMph45ioDA&oe=67440603&_nc_sid=7a9f4b",Learn the latest in technology.
Music Mania,10/5/2024,"https://instagram.fbeg9-1.fna.fbcdn.net/v/t39.30808-6/466075571_122128455500445786_3556783283813460630_n.jpg?stp=dst-jpg_e35&efg=eyJ2ZW5jb2RlX3RhZyI6ImltYWdlX3VybGdlbi4xMDgweDEwODAuc2RyLmYzMDgwOC5kZWZhdWx0X2ltYWdlIn0&_nc_ht=instagram.fbeg9-1.fna.fbcdn.net&_nc_cat=106&_nc_ohc=B49XqH7SCXoQ7kNvgFjr0DN&_nc_gid=bddac8902b6f4f76a3b0a942b759f4b1&edm=AP4sbd4AAAAA&ccb=7-5&ig_cache_key=MzQ5ODQzNTY0NDk5ODMyNzgzMw%3D%3D.3-ccb7-5&oh=00_AYAeJkqUbKUOtbLuvSB4oVr19rkq0e2kXfcoRMph45ioDA&oe=67440603&_nc_sid=7a9f4b",A night of live music performances.
Food Carnival,1/20/2025,"https://instagram.fbeg9-1.fna.fbcdn.net/v/t39.30808-6/466075571_122128455500445786_3556783283813460630_n.jpg?stp=dst-jpg_e35&efg=eyJ2ZW5jb2RlX3RhZyI6ImltYWdlX3VybGdlbi4xMDgweDEwODAuc2RyLmYzMDgwOC5kZWZhdWx0X2ltYWdlIn0&_nc_ht=instagram.fbeg9-1.fna.fbcdn.net&_nc_cat=106&_nc_ohc=B49XqH7SCXoQ7kNvgFjr0DN&_nc_gid=bddac8902b6f4f76a3b0a942b759f4b1&edm=AP4sbd4AAAAA&ccb=7-5&ig_cache_key=MzQ5ODQzNTY0NDk5ODMyNzgzMw%3D%3D.3-ccb7-5&oh=00_AYAeJkqUbKUOtbLuvSB4oVr19rkq0e2kXfcoRMph45ioDA&oe=67440603&_nc_sid=7a9f4b",Enjoy a variety of cuisines.
Art Expo,2/12/2025,"https://instagram.fbeg9-1.fna.fbcdn.net/v/t39.30808-6/466075571_122128455500445786_3556783283813460630_n.jpg?stp=dst-jpg_e35&efg=eyJ2ZW5jb2RlX3RhZyI6ImltYWdlX3VybGdlbi4xMDgweDEwODAuc2RyLmYzMDgwOC5kZWZhdWx0X2ltYWdlIn0&_nc_ht=instagram.fbeg9-1.fna.fbcdn.net&_nc_cat=106&_nc_ohc=B49XqH7SCXoQ7kNvgFjr0DN&_nc_gid=bddac8902b6f4f76a3b0a942b759f4b1&edm=AP4sbd4AAAAA&ccb=7-5&ig_cache_key=MzQ5ODQzNTY0NDk5ODMyNzgzMw%3D%3D.3-ccb7-5&oh=00_AYAeJkqUbKUOtbLuvSB4oVr19rkq0e2kXfcoRMph45ioDA&oe=67440603&_nc_sid=7a9f4b",Discover stunning artworks from local artists.
Dance Fiesta,9/8/2024,"https://instagram.fbeg9-1.fna.fbcdn.net/v/t39.30808-6/466075571_122128455500445786_3556783283813460630_n.jpg?stp=dst-jpg_e35&efg=eyJ2ZW5jb2RlX3RhZyI6ImltYWdlX3VybGdlbi4xMDgweDEwODAuc2RyLmYzMDgwOC5kZWZhdWx0X2ltYWdlIn0&_nc_ht=instagram.fbeg9-1.fna.fbcdn.net&_nc_cat=106&_nc_ohc=B49XqH7SCXoQ7kNvgFjr0DN&_nc_gid=bddac8902b6f4f76a3b0a942b759f4b1&edm=AP4sbd4AAAAA&ccb=7-5&ig_cache_key=MzQ5ODQzNTY0NDk5ODMyNzgzMw%3D%3D.3-ccb7-5&oh=00_AYAeJkqUbKUOtbLuvSB4oVr19rkq0e2kXfcoRMph45ioDA&oe=67440603&_nc_sid=7a9f4b",Groove to the beats of the best DJs.
Book Fair,11/1/2024,"https://instagram.fbeg9-1.fna.fbcdn.net/v/t39.30808-6/466075571_122128455500445786_3556783283813460630_n.jpg?stp=dst-jpg_e35&efg=eyJ2ZW5jb2RlX3RhZyI6ImltYWdlX3VybGdlbi4xMDgweDEwODAuc2RyLmYzMDgwOC5kZWZhdWx0X2ltYWdlIn0&_nc_ht=instagram.fbeg9-1.fna.fbcdn.net&_nc_cat=106&_nc_ohc=B49XqH7SCXoQ7kNvgFjr0DN&_nc_gid=bddac8902b6f4f76a3b0a942b759f4b1&edm=AP4sbd4AAAAA&ccb=7-5&ig_cache_key=MzQ5ODQzNTY0NDk5ODMyNzgzMw%3D%3D.3-ccb7-5&oh=00_AYAeJkqUbKUOtbLuvSB4oVr19rkq0e2kXfcoRMph45ioDA&oe=67440603&_nc_sid=7a9f4b",Explore and buy amazing books.
